City_ID,City,Lat,Lng,Max Temp,Humidity,Cloudiness,Wind Speed,Country,Date
0,cannonvale,-20.2833,148.7,22.66,75,100,2.69,AU,1730750590
1,port-aux-francais,-49.35,70.2167,5.95,89,99,15.81,TF,1730750591
2,puerto natales,-51.7236,-72.4875,12.25,47,75,12.86,CL,1730750592
3,nuuk,64.1835,-51.7216,-2.66,93,75,3.09,GL,1730750593
4,kodiak,57.79,-152.4072,0.73,69,0,0.0,US,1730750594
5,muisne,0.6,-80.0333,24.48,74,100,4.1,EC,1730750595
6,shakawe,-18.3667,21.85,26.01,47,100,3.92,BW,1730750597
7,duba,27.3513,35.6901,24.7,46,9,5.15,SA,1730750598
8,keflavik,64.0049,-22.5624,7.24,87,100,5.66,IS,1730750599
9,hami,42.8,93.45,9.47,30,0,1.7,CN,1730750600
10,shyroke,47.6917,33.2571,3.0,54,6,8.57,UA,1730750601
11,waitangi,-43.9535,-176.5597,11.57,77,94,1.34,NZ,1730750602
12,coquimbo,-29.9533,-71.3436,20.85,51,0,6.69,CL,1730750603
13,rio grande,-32.035,-52.0986,23.78,80,0,7.6,BR,1730750605
14,rosario do sul,-30.2583,-54.9142,27.91,72,92,2.0,BR,1730750606
15,longyearbyen,78.2186,15.6401,-2.09,64,75,3.6,SJ,1730750608
16,vilyuysk,63.7553,121.6247,-21.61,100,90,0.93,RU,1730750609
17,xining,36.6167,101.7667,3.07,72,0,0.63,CN,1730750610
18,talnakh,69.4865,88.3972,-6.09,94,67,5.47,RU,1730750611
19,robore,-18.3333,-59.75,35.05,49,40,0.0,BO,1730750613
20,weno,7.4515,151.8468,28.74,76,72,4.82,FM,1730750614
21,warwick,41.7001,-71.4162,12.47,63,75,5.14,US,1730750615
22,andergrove,-21.0833,149.1833,22.37,76,100,1.38,AU,1730750616
23,adamstown,-25.066,-130.1015,21.2,79,99,7.27,PN,1730750617
24,bilibino,68.0546,166.4372,-26.18,99,94,1.09,RU,1730750618
25,lebu,-37.6167,-73.65,13.76,68,99,2.96,CL,1730750619
26,salalah,17.0151,54.0924,26.3,72,5,1.35,OM,1730750620
27,ukata,10.8312,5.8249,23.17,32,0,2.76,NG,1730750622
28,lazaro cardenas,17.9583,-102.2,29.66,65,6,3.57,MX,1730750623
29,ipu,-4.3222,-40.7108,32.03,21,25,3.07,BR,1730750624
30,ancud,-41.8697,-73.8203,10.65,92,100,10.12,CL,1730750625
31,imbituba,-28.24,-48.6703,21.11,86,90,4.24,BR,1730750626
32,udachny,66.4167,112.4,-20.68,99,100,3.92,RU,1730750627
33,margaret river,-33.95,115.0667,14.92,78,100,7.68,AU,1730750628
34,yellowknife,62.456,-114.3525,-1.99,100,75,2.57,CA,1730750413
35,ola,59.5833,151.2833,-12.33,72,86,5.91,RU,1730750630
36,grytviken,-54.2811,-36.5092,5.28,63,100,8.38,GS,1730750632
37,qaqortoq,60.7167,-46.0333,-8.99,81,19,2.78,GL,1730750633
38,wailua homesteads,22.0669,-159.378,27.44,78,40,5.66,US,1730750634
39,n'zeto,-7.2312,12.8666,25.48,89,30,3.95,AO,1730750635
40,thompson,55.7435,-97.8558,0.09,86,75,2.57,CA,1730750636
41,manaure,11.7751,-72.4445,29.87,65,71,2.59,CO,1730750637
42,port mathurin,-19.6833,63.4167,23.7,78,98,5.5,MU,1730750638
43,blackmans bay,-43.0167,147.3167,8.62,83,0,0.89,AU,1730750639
44,st. john's,47.5649,-52.7093,2.76,66,100,7.2,CA,1730750641
45,buloh kasap,2.5536,102.764,24.23,95,100,0.51,MY,1730750642
46,albany,42.6001,-73.9662,11.27,59,100,0.89,US,1730750425
47,douliu,23.7094,120.5433,24.5,77,70,0.41,TW,1730750644
48,zouerate,22.7187,-12.4521,30.3,12,100,1.19,MR,1730750645
49,chonchi,-42.6128,-73.8092,11.18,75,100,4.89,CL,1730750646
50,evergreen,39.6333,-105.3172,1.16,83,100,2.24,US,1730750375
51,vadso,70.0744,29.7487,0.09,86,75,5.66,NO,1730750648
52,whitehorse,60.7161,-135.0538,-3.28,85,75,2.06,CA,1730750650
53,san pedro del parana,-26.8333,-56.2,27.06,76,57,1.47,PY,1730750651
54,iqaluit,63.7506,-68.5145,-5.15,74,75,2.06,CA,1730750652
55,puerto baquerizo moreno,-0.9,-89.6,24.55,61,75,6.69,EC,1730750653
56,jamestown,42.097,-79.2353,18.9,44,75,5.14,US,1730750655
57,oncativo,-31.9135,-63.682,24.88,44,54,7.36,AR,1730750656
58,nchelenge,-9.3451,28.734,23.66,67,57,0.93,ZM,1730750657
59,santa rosa de lima,13.6247,-87.8936,30.01,74,64,1.95,SV,1730750659
60,bethel,41.3712,-73.414,13.36,63,90,1.34,US,1730750660
61,kone,-21.0595,164.8658,23.81,69,38,1.54,NC,1730750661
62,bredasdorp,-34.5322,20.0403,11.07,74,67,1.94,ZA,1730750662
63,edinburgh of the seven seas,-37.0676,-12.3116,13.93,75,89,2.83,SH,1730750663
64,san luis de la loma,17.2706,-100.8939,29.15,72,30,3.25,MX,1730750664
65,karaton,-6.3424,106.1045,21.51,97,100,1.12,ID,1730750665
66,mantua,45.1667,10.7833,11.1,98,0,0.89,IT,1730750666
67,smithfield,41.922,-71.5495,11.61,67,75,2.06,US,1730750668
68,buenaventura,3.8801,-77.0312,28.06,78,40,0.0,CO,1730750669
69,popondetta,-8.7537,148.2534,23.41,91,100,1.13,PG,1730750670
70,urucara,-2.5364,-57.76,33.46,46,32,1.48,BR,1730750671
71,olinda,-8.0089,-34.8553,27.85,61,40,6.17,BR,1730750672
72,lahat,-3.8,103.5333,22.13,92,100,0.64,ID,1730750673
73,hermanus,-34.4187,19.2345,8.78,71,10,4.51,ZA,1730750674
74,isafjordur,66.0755,-23.124,2.31,82,100,1.38,IS,1730750676
75,georgetown,5.4112,100.3354,26.96,82,20,1.03,MY,1730750677
76,callao,-12.0667,-77.15,21.16,73,75,5.14,PE,1730750678
77,kingston,17.997,-76.7936,29.53,74,40,7.72,JM,1730750679
78,ushuaia,-54.8,-68.3,7.81,66,75,8.23,AR,1730750680
79,legaspi,13.1372,123.7344,23.89,94,100,1.25,PH,1730750681
80,fale old settlement,-9.3852,-171.2468,25.86,91,100,10.0,TK,1730750682
81,bratsk,56.1325,101.6142,0.27,63,97,3.9,RU,1730750683
82,howard springs,-12.497,131.047,25.95,91,100,0.93,AU,1730750684
83,agapovka,53.2973,59.1348,-2.26,67,100,2.7,RU,1730750686
84,tuy hoa,13.0833,109.3,23.48,95,70,1.18,VN,1730750687
85,olonkinbyen,70.9221,-8.7187,0.44,96,100,10.16,SJ,1730750688
86,san juan,-31.5375,-68.5364,27.65,25,0,10.11,AR,1730750689
87,kadhan,24.481,68.9859,26.4,56,0,3.43,PK,1730750690
88,badger,64.8,-147.5333,-8.99,90,100,0.67,US,1730750691
89,kapoeta,4.7717,33.5903,26.67,58,100,1.56,SS,1730750692
90,egilsstadir,65.2653,-14.3948,3.95,93,16,4.63,IS,1730750694
91,aswan,24.0934,32.907,23.61,40,0,1.54,EG,1730750551
92,rocha,-34.4833,-54.3333,18.82,96,100,9.64,UY,1730750697
93,taoudenni,22.6783,-3.9836,31.03,12,0,3.05,ML,1730750698
94,vila franca do campo,37.7167,-25.4333,21.23,99,66,4.16,PT,1730750699
95,west island,-12.1568,96.8225,25.99,89,75,6.69,CC,1730750700
96,constantia,44.1833,28.65,7.38,64,0,8.68,RO,1730750702
97,malango,-2.9627,119.9001,17.71,97,98,1.13,ID,1730750703
98,fuglafjordur,62.244,-6.814,10.03,95,100,3.64,FO,1730750704
99,lihue,21.9789,-159.3672,27.77,74,40,5.66,US,1730750705
100,broken hill,-31.95,141.4333,18.29,42,12,4.34,AU,1730750706
101,kas,36.2018,29.6377,18.19,77,1,3.19,TR,1730750707
102,marquette,46.5333,-87.6335,14.94,95,100,3.58,US,1730750708
103,puerto madero,14.7208,-92.4215,31.11,70,40,5.14,MX,1730750709
104,yaren,-0.5472,166.916,28.15,68,54,4.8,NR,1730750711
105,bandiagara,14.3501,-3.6104,28.87,16,99,3.57,ML,1730750712
106,uturoa,-16.7333,-151.4333,26.31,81,100,5.83,PF,1730750713
107,invercargill,-46.4,168.35,12.79,89,55,4.02,NZ,1730750714
108,ivins,37.1686,-113.6794,13.42,24,1,4.02,US,1730750715
109,rafraf,37.1904,10.1837,20.92,78,100,4.91,TN,1730750716
110,inhambane,-23.865,35.3833,25.0,88,20,4.12,MZ,1730750717
111,kamen'-na-obi,53.7884,81.3423,2.61,69,100,5.77,RU,1730750718
112,ribeira grande,38.5167,-28.7,20.22,73,20,9.26,PT,1730750720
113,nar'yan-mar,67.6713,53.087,-2.17,96,100,4.19,RU,1730750721
114,al artawiyah,26.5053,45.3444,22.59,50,5,3.65,SA,1730750723
115,tallahassee,30.4383,-84.2807,28.91,60,75,6.17,US,1730750724
116,ust-nera,64.5667,143.2,-25.68,99,95,1.24,RU,1730750725
117,igarka,67.4667,86.5833,-7.89,93,14,5.68,RU,1730750726
118,geneina,13.45,22.45,24.51,28,90,4.29,SD,1730750727
119,la gi,10.6667,107.7833,25.1,90,93,2.24,VN,1730750729
120,lorengau,-2.0226,147.2712,26.87,76,95,0.71,PG,1730750731
121,yol,32.1667,76.2,19.59,49,0,2.62,IN,1730750732
122,saipan,15.1355,145.701,27.58,84,4,3.58,MP,1730750733
123,portland,45.5234,-122.6762,11.27,88,100,5.36,US,1730750409
124,karratha,-20.7377,116.8463,30.14,28,0,3.8,AU,1730750735
125,tiksi,71.6872,128.8694,-25.95,99,64,2.59,RU,1730750737
126,vorgashor,67.5833,63.95,-4.18,92,100,8.03,RU,1730750738
127,usinsk,65.9939,57.5281,-3.62,95,100,8.58,RU,1730750739
128,vilyuchinsk,52.9306,158.4028,-7.85,79,91,2.96,RU,1730750740
129,alta,69.9689,23.2717,-1.01,85,75,2.06,NO,1730750741
130,dudinka,69.4058,86.1778,-5.8,89,38,8.45,RU,1730750742
131,sandnessjoen,66.0217,12.6316,9.06,93,75,5.66,NO,1730750743
132,papatowai,-46.5619,169.4708,12.24,88,45,3.62,NZ,1730750744
133,mili,6.0815,171.735,27.98,73,34,2.53,MH,1730750746
134,akureyri,65.6835,-18.0878,6.96,76,20,2.06,IS,1730750747
135,novodvinsk,64.4165,40.8122,0.86,86,100,4.94,RU,1730750748
136,new norfolk,-42.7826,147.0587,9.28,86,8,1.11,AU,1730750749
137,aykhal,66.0,111.5,-17.21,97,100,6.26,RU,1730750750
138,brookings,44.3114,-96.7984,11.36,80,100,5.66,US,1730750751
139,deming,32.2687,-107.7586,11.94,47,75,8.23,US,1730750752
140,morant bay,17.8815,-76.4093,26.86,89,100,6.94,JM,1730750753
141,richards bay,-28.783,32.0377,20.49,71,97,6.65,ZA,1730750756
142,puerto carreno,6.189,-67.4859,30.99,66,40,3.6,CO,1730750757
143,vorkuta,67.5,64.0,-3.97,92,100,7.89,RU,1730750758
144,polyarnyy,69.1989,33.4478,-0.5,78,88,9.5,RU,1730750759
145,aasiaat,68.7098,-52.8699,-6.21,95,100,1.1,GL,1730750760
146,arraial do cabo,-22.9661,-42.0278,24.98,88,75,8.23,BR,1730750761
147,ilomantsi,62.6716,30.9328,-2.0,78,25,3.89,FI,1730750763
148,petropavlovsk-kamchatsky,53.0452,158.6483,-8.67,67,0,5.0,RU,1730750764
149,labrador city,52.9463,-66.9114,-1.57,73,100,4.12,CA,1730750765
150,jayapura,-2.5333,140.7,25.66,95,98,2.46,ID,1730750766
151,quellon,-43.1167,-73.6167,11.77,69,100,6.53,CL,1730750767
152,stanley,54.868,-1.6985,8.62,92,75,0.0,GB,1730750768
153,opuwo,-18.0607,13.84,23.98,24,90,2.35,NA,1730750769
154,trebisacce,39.8708,16.5312,13.3,71,56,1.24,IT,1730750770
155,alotau,-10.3069,150.4462,24.36,93,64,0.93,PG,1730750772
156,kurumkan,54.3,110.3,-10.79,83,6,1.59,RU,1730750773
157,utrik,11.2278,169.8474,27.43,74,100,1.63,MH,1730750774
158,el puerto de santa maria,36.5939,-6.233,19.58,86,0,1.54,ES,1730750776
159,bismarck,46.8083,-100.7837,2.91,81,100,6.17,US,1730750754
160,pangody,65.85,74.4859,-7.43,95,100,5.53,RU,1730750778
161,ilulissat,69.2167,-51.1,-2.99,80,75,6.17,GL,1730750780
162,krasnyy chikoy,50.3643,108.7512,-9.73,75,9,1.02,RU,1730750781
163,al hudaydah,14.7978,42.9545,29.93,59,6,2.5,YE,1730750782
164,weifang,36.71,119.1019,5.99,72,50,2.34,CN,1730750783
165,larkird,35.4894,66.6641,12.54,44,39,2.17,AF,1730750784
166,moquegua,-17.1956,-70.9353,23.59,36,1,5.48,PE,1730750785
167,tual,-5.6667,132.75,28.03,76,100,6.7,ID,1730750786
168,flying fish cove,-10.4217,105.6791,25.82,100,100,4.12,CX,1730750787
169,port-vila,-17.7338,168.3219,23.78,88,20,0.51,VU,1730750789
170,bardai,11.65,7.2333,21.64,26,0,3.58,NG,1730750790
171,kavaratti,10.5669,72.642,28.23,73,61,3.05,IN,1730750791
172,preobrazheniye,42.9019,133.9064,0.9,57,0,2.16,RU,1730750792
173,nemuro,43.3236,145.575,7.62,70,0,11.22,JP,1730750793
174,hamilton,39.1834,-84.5333,24.43,59,100,7.2,US,1730750794
175,emerald,-23.5333,148.1667,19.08,84,10,3.46,AU,1730750795
176,la'ie,21.6477,-157.9253,27.66,82,44,2.68,US,1730750796
177,ulsteinvik,62.3432,5.8487,10.73,91,100,3.56,NO,1730750798
178,tionk essil,12.7856,-16.5217,26.93,59,5,2.59,SN,1730750799
179,damasak,13.0977,12.4952,25.0,19,7,3.59,NG,1730750800
180,douentza,14.9951,-2.9517,29.5,14,57,3.37,ML,1730750801
181,mao,39.8885,4.2658,19.31,88,40,2.57,ES,1730750803
182,punta arenas,-53.15,-70.9167,11.06,50,75,8.23,CL,1730750804
183,mount zion,39.7714,-88.8742,17.96,88,75,8.23,US,1730750806
184,gorom-gorom,14.4439,-0.2361,28.76,14,5,4.5,BF,1730750807
185,puerto ayora,-0.7393,-90.3518,21.49,66,99,5.04,EC,1730750808
186,cheremshan,54.6667,51.5,-2.44,87,100,2.35,RU,1730750809
187,pisco,-13.7,-76.2167,20.57,81,3,3.6,PE,1730750810
188,el higo,21.7667,-98.4667,32.05,59,13,0.92,MX,1730750811
189,tsiombe,-25.3,45.4833,22.76,83,17,7.09,MG,1730750812
190,nova sintra,14.8667,-24.7167,26.74,77,39,6.54,CV,1730750813
191,colesberg,-30.72,25.0972,5.25,71,54,15.0,ZA,1730750815
192,sumberpucung,-8.1586,112.4829,21.53,98,41,0.99,ID,1730750816
193,tejupilco de hidalgo,18.9,-100.15,24.87,65,44,2.48,MX,1730750817
194,laguna,38.421,-121.4238,19.5,43,0,0.45,US,1730750818
195,iskateley,67.6803,53.1512,-2.16,96,100,4.17,RU,1730750819
196,ulladulla,-35.35,150.4667,15.32,83,100,0.66,AU,1730750820
197,gijang,35.2442,129.2139,11.85,70,100,3.64,KR,1730750821
198,qarazhal,48.0078,70.7903,1.62,69,100,4.77,KZ,1730750824
199,cozumel,20.5083,-86.9458,30.04,74,75,4.63,MX,1730750825
200,port alfred,-33.5906,26.891,11.77,97,100,5.48,ZA,1730750826
201,mitu,1.1983,-70.1733,32.42,46,100,0.39,CO,1730750827
202,bubaque,11.2833,-15.8333,28.35,77,1,4.59,GW,1730750828
203,jumla,29.2747,82.1838,6.13,90,69,1.57,NP,1730750829
204,mugia,43.1041,-9.2179,15.51,83,100,3.79,ES,1730750832
205,port isabel,26.0734,-97.2086,31.02,67,75,12.35,US,1730750755
206,zakamensk,50.3741,103.2863,-8.85,82,86,1.27,RU,1730750834
207,constitucion,-35.3333,-72.4167,16.14,56,1,8.52,CL,1730750835
208,colonia,50.9333,6.95,9.47,81,0,2.06,DE,1730750836
209,gopalpur,19.2667,84.9167,23.16,82,6,3.24,IN,1730750837
210,nezhinka,51.7676,55.3694,-1.91,100,100,3.0,RU,1730750838
211,rosarito,32.3333,-117.0333,24.51,47,0,3.39,MX,1730750840
212,ishigaki,24.3448,124.1572,25.07,83,75,4.63,JP,1730750841
213,hawaiian paradise park,19.5933,-154.9731,24.39,100,100,4.12,US,1730750842
214,tazovsky,67.4667,78.7,-4.11,94,100,9.06,RU,1730750843
215,belyy yar,53.6039,91.3903,-3.06,100,100,2.0,RU,1730750844
216,pindushi,62.9152,34.58,-1.25,73,5,4.89,RU,1730750845
217,coahuayana de hidalgo,18.7,-103.6583,29.9,67,48,2.92,MX,1730750846
218,amga,60.8953,131.9608,-26.66,100,96,0.29,RU,1730750847
219,gadzhiyevo,69.2551,33.3362,-0.85,79,84,9.56,RU,1730750849
220,daru,-9.0763,143.2092,26.26,88,100,6.71,PG,1730750850
221,hithadhoo,-0.6,73.0833,28.05,68,31,4.52,MV,1730750851
222,darwin,-12.4611,130.8418,25.99,89,100,0.0,AU,1730750852
223,college,64.8569,-147.8028,-8.94,89,100,0.08,US,1730750853
224,la ceiba,15.7597,-86.7822,28.9,79,40,1.79,HN,1730750854
225,nantucket,41.2835,-70.0995,11.06,62,100,5.14,US,1730750855
226,margate,51.3813,1.3862,10.49,86,100,0.45,GB,1730750856
227,codrington,-38.2667,141.9667,7.03,90,1,2.6,AU,1730750859
228,batyrevo,55.0675,47.6111,-1.83,78,100,2.29,RU,1730750860
229,la barceloneta,41.3807,2.1899,20.83,78,75,3.6,ES,1730750861
230,caqueza,4.4057,-73.9468,19.9,96,98,1.51,CO,1730750862
231,anadyr,64.75,177.4833,-8.72,78,20,9.0,RU,1730750809
232,porto velho,-8.7619,-63.9039,34.03,49,20,2.57,BR,1730750864
233,santa elena de uairen,4.6167,-61.1333,30.57,34,100,4.02,VE,1730750865
234,soio,-6.1349,12.3689,25.63,89,24,4.25,AO,1730750866
235,kapuskasing,49.4169,-82.4331,6.05,93,100,4.63,CA,1730750868
236,itoman,26.1247,127.6694,25.01,78,85,3.6,JP,1730750869
237,caxito,-8.5785,13.6643,24.92,88,88,2.18,AO,1730750870
238,luwuk,-0.9516,122.7875,22.4,83,99,1.88,ID,1730750871
239,san mariano,7.5,126.0,22.17,94,97,1.26,PH,1730750872
240,pathein,16.7833,94.7333,23.36,94,24,2.38,MM,1730750873
241,praia da vitoria,38.7333,-27.0667,21.14,88,75,10.34,PT,1730750876
242,torbat-e heydariyeh,35.274,59.2195,17.06,52,57,2.71,IR,1730750877
243,piti village,13.4626,144.6933,28.03,86,0,4.63,GU,1730750879
244,labytnangi,66.6572,66.4183,-7.72,89,98,3.8,RU,1730750880
245,papao,-17.75,-149.55,28.82,77,100,3.88,PF,1730750881
246,clodomira,-27.5744,-64.1311,33.34,40,18,1.27,AR,1730750882
247,kinel'-cherkassy,53.4706,51.4743,-1.36,97,100,2.57,RU,1730750884
248,san antonio de pale,-1.4014,5.6325,25.53,83,100,5.68,GQ,1730750885
249,walvis bay,-22.9575,14.5053,14.57,70,6,7.56,NA,1730750886
250,kattivakkam,13.2167,80.3167,27.86,92,100,3.07,IN,1730750887
251,rongelap,11.1635,166.8941,26.39,84,100,6.74,MH,1730750888
252,nis,43.7031,7.2661,15.89,89,20,2.57,FR,1730750890
253,xai-xai,-25.0519,33.6442,24.52,60,1,4.45,MZ,1730750893
254,zhezqazghan,47.7833,67.7667,-0.86,69,1,3.03,KZ,1730750894
255,katagum,12.2867,10.3527,25.73,18,4,3.75,NG,1730750895
256,fiambala,-27.6871,-67.6149,27.86,31,0,8.23,AR,1730750896
257,dali,25.7,100.1833,13.34,85,50,1.57,CN,1730750897
258,tototlan,20.55,-102.8,30.18,27,0,3.33,MX,1730750898
259,ust-tsilma,65.441,52.1498,-5.22,95,92,2.56,RU,1730750899
260,port lincoln,-34.7333,135.8667,16.01,77,96,4.96,AU,1730750901
261,morondava,-20.2833,44.2833,25.73,83,26,2.35,MG,1730750902
262,avarua,-21.2078,-159.775,24.03,88,20,2.06,CK,1730750903
263,port elizabeth,-33.918,25.5701,12.4,99,100,1.79,ZA,1730750904
264,la passe,45.5549,-0.8967,16.05,85,99,3.47,FR,1730750905
265,el naranjo,21.4667,-98.6,30.11,69,12,0.98,MX,1730750906
266,hasaki,35.7333,140.8333,19.96,73,80,3.72,JP,1730750907
267,marka,1.7159,44.7717,25.83,86,89,3.67,SO,1730750908
268,lata,40.1629,-8.3327,15.31,86,82,2.76,PT,1730750910
269,yuzhno-kurilsk,44.0306,145.8556,6.79,78,100,9.86,RU,1730750911
270,thunder bay,48.4001,-89.3168,8.76,100,100,1.57,CA,1730750912
271,forster,-32.1667,152.5167,20.21,94,98,4.12,AU,1730750913
272,east london,-33.0153,27.9116,12.62,88,100,7.71,ZA,1730750914
273,aioun,16.6614,-9.6149,31.56,15,0,4.02,MR,1730750915
274,fort-shevchenko,44.5086,50.263,9.47,72,100,7.4,KZ,1730750916
275,tura,25.5198,90.2201,20.68,80,20,1.57,IN,1730750919
276,alaghsas,17.0187,8.0168,25.8,17,1,6.98,NE,1730750920
277,nurota,40.5614,65.6886,13.76,67,100,1.78,UZ,1730750921
278,antonio enes,-16.2325,39.9086,25.94,89,0,4.53,MZ,1730750922
279,yugorsk,61.3133,63.3319,-2.2,70,96,6.11,RU,1730750924
280,cururupu,-1.8283,-44.8683,27.91,62,77,2.25,BR,1730750925
281,presidente medici,-11.1753,-61.9014,31.37,53,90,1.56,BR,1730750927
282,paradip garh,20.3167,86.6167,24.07,75,1,2.43,IN,1730750928
283,bandarbeyla,9.4942,50.8122,25.92,82,21,4.14,SO,1730750929
284,acarau,-2.8856,-40.12,26.74,72,65,8.82,BR,1730750930
285,samarinda,-0.5,117.15,23.21,98,100,1.03,ID,1730750931
286,al khawr,25.7667,51.3167,25.32,68,5,1.84,QA,1730750932
287,chopinzinho,-25.8558,-52.5233,24.87,80,25,1.44,BR,1730750933
288,markaz-e woluswali-ye achin,34.1258,70.7078,19.06,38,7,0.36,AF,1730750934
289,bermejo,-32.8833,-68.8,24.07,31,44,7.11,AR,1730750936
290,naze,28.3667,129.4833,22.51,76,100,5.95,JP,1730750937
291,mahdia,35.5047,11.0622,21.25,75,63,4.56,TN,1730750938
292,yangchun,22.1667,111.7833,21.26,86,98,2.01,CN,1730750939
293,tarko-sale,64.9225,77.785,-3.4,94,100,10.34,RU,1730750940
294,afaahiti,-17.75,-149.2833,24.71,85,100,5.23,PF,1730750941
295,sawakin,19.1059,37.3321,27.94,65,100,5.65,SD,1730750942
296,morehead city,34.7229,-76.726,23.36,74,100,3.58,US,1730750943
297,barguzin,53.6167,109.6167,-9.4,81,16,1.75,RU,1730750945
298,darnah,32.767,22.6367,19.5,70,24,7.13,LY,1730750946
299,happy valley-goose bay,53.3168,-60.3315,0.14,54,17,4.36,CA,1730750947
300,cartagena del chaira,1.3349,-74.8429,30.66,55,100,2.17,CO,1730750948
301,vilhena,-12.7406,-60.1458,31.12,55,40,5.66,BR,1730750726
302,san pa tong,18.6283,98.8957,25.06,73,20,1.03,TH,1730750950
303,wanning,18.8003,110.3967,23.14,93,40,4.55,CN,1730750951
304,sur,22.5667,59.5289,27.54,57,0,1.36,OM,1730750952
305,luderitz,-26.6481,15.1594,13.82,47,4,14.82,NA,1730750955
306,tobruk,32.0836,23.9764,20.37,60,36,7.49,LY,1730750956
307,bamboo flat,11.7,92.7167,26.44,79,96,3.52,IN,1730750958
308,carnarvon,-24.8667,113.6333,19.48,72,3,8.31,AU,1730750959
309,basoko,1.2391,23.616,21.12,94,85,1.24,CD,1730750960
310,winston-salem,36.0999,-80.2442,18.03,66,20,3.09,US,1730750667
311,hammerfest,70.6634,23.6821,3.25,65,75,3.09,NO,1730750963
312,cadale,2.7603,46.3222,26.46,84,38,2.89,SO,1730750964
313,wynyard,-41.0,145.7167,8.01,97,10,2.03,AU,1730750965
314,ekibastuz,51.6667,75.3667,0.52,65,100,5.02,KZ,1730750966
315,villa gesell,-37.2639,-56.973,15.86,84,99,5.42,AR,1730750967
316,dongxing,45.3667,130.8,-2.6,54,42,1.89,CN,1730750968
317,klaksvik,62.2266,-6.589,10.05,97,100,6.26,FO,1730750969
318,la rinconada,37.4873,-5.9826,19.47,86,93,1.28,ES,1730750970
319,krusevac,43.58,21.3339,6.46,60,24,0.9,RS,1730750973
320,khanty-mansiysk,61.0042,69.0019,-1.94,93,75,6.0,RU,1730750974
321,pokhara,28.2333,83.9833,15.81,83,95,1.52,NP,1730750975
322,ambalangoda,6.2355,80.0538,25.37,88,100,5.94,LK,1730750976
323,dwarka,22.2394,68.9678,27.76,65,0,3.52,IN,1730750977
324,rundu,-17.9333,19.7667,23.15,60,100,5.92,NA,1730750978
325,ebon,4.582,168.6964,28.04,66,57,1.49,MH,1730750979
326,atafu village,-8.5421,-172.5159,27.58,79,100,9.45,TK,1730750981
327,curup,-3.4667,102.5333,19.86,95,100,0.84,ID,1730750982
328,kapa'a,22.0752,-159.319,28.18,78,40,5.66,US,1730750983
329,namibe,-15.1961,12.1522,20.22,78,48,4.11,AO,1730750984
330,pingnan,23.5543,110.3976,19.64,90,99,1.23,CN,1730750985
331,melekeok village,7.4957,134.6367,24.31,94,75,1.54,PW,1730750986
332,mulanje,-16.0316,35.5,27.19,48,92,2.83,MW,1730750987
333,caconda,-13.7333,15.0667,18.04,82,100,1.15,AO,1730750988
334,jiuquan,39.7432,98.5174,4.65,33,9,2.13,CN,1730750990
335,sao jose da coroa grande,-8.8978,-35.1478,25.83,62,0,4.0,BR,1730750991
336,galich,58.3797,42.3475,-4.82,91,17,1.68,RU,1730750992
337,praia,14.9215,-23.5087,25.3,83,40,7.72,CV,1730750993
338,cubuk,40.2386,33.0322,2.7,56,0,1.03,TR,1730750994
339,partinico,38.0439,13.12,16.83,82,20,1.03,IT,1730750995
340,nagqu,31.5,92.0,-2.49,28,100,0.98,CN,1730750996
341,ibipeba,-11.6408,-42.0111,32.02,28,100,3.84,BR,1730750997
342,lauda-konigshofen,49.5653,9.7042,5.1,95,0,1.72,DE,1730750999
343,suva,-18.1416,178.4415,25.71,83,75,3.09,FJ,1730751000
344,touros,-5.1989,-35.4608,25.97,75,16,6.66,BR,1730751001
345,kuching,1.55,110.3333,25.58,97,40,1.03,MY,1730751003
346,stara syniava,49.6032,27.6191,0.63,67,15,3.51,UA,1730751004
347,balqash,46.8481,74.995,9.37,86,100,3.99,KZ,1730751005
348,kisangani,0.5167,25.2,21.58,94,86,0.89,CD,1730751007
349,llanes,43.4198,-4.7549,18.02,68,100,3.09,ES,1730751008
350,tosontsengel,48.7567,98.2839,-11.14,89,67,0.36,MN,1730751009
351,tlalixtac de cabrera,17.0667,-96.65,29.68,28,40,1.54,MX,1730751010
352,xapuri,-10.6517,-68.5044,33.11,44,100,1.51,BR,1730751011
353,paracuru,-3.41,-39.0306,26.43,73,38,5.49,BR,1730751012
354,dryden,49.7833,-92.7503,8.16,87,100,5.14,CA,1730751013
355,seminole,28.7086,-81.2081,27.42,84,59,0.89,US,1730751016
356,fort bragg,35.139,-79.006,24.26,60,0,2.57,US,1730751017
357,kruisfontein,-34.0033,24.7314,10.6,87,100,4.16,ZA,1730751018
358,boston,42.3584,-71.0598,10.92,60,100,4.63,US,1730750691
359,crane,31.3974,-102.3501,20.06,25,84,13.1,US,1730751020
360,puerto madryn,-42.7692,-65.0385,22.71,16,99,14.42,AR,1730751021
361,galliano,29.4422,-90.2992,28.0,69,75,3.09,US,1730751022
362,khandyga,62.6667,135.6,-24.75,100,78,0.26,RU,1730751023
363,huayin,34.5675,110.0921,12.12,58,0,1.84,CN,1730751024
364,prado,-17.3411,-39.2208,25.16,78,19,4.56,BR,1730751026
365,san jose de jachal,-30.2406,-68.7469,26.17,24,0,7.81,AR,1730751027
366,kayyerkan,69.3786,87.7439,-7.07,95,90,4.19,RU,1730751028
367,tshela,-4.9833,12.9333,23.34,99,98,1.02,CD,1730751029
368,mount gambier,-37.8333,140.7667,5.98,96,10,1.53,AU,1730751030
369,cabo san lucas,22.8909,-109.9124,27.09,44,4,3.58,MX,1730750517
370,karoi,-16.8099,29.6925,23.8,33,1,2.03,ZW,1730751032
371,lompoc,34.6391,-120.4579,22.94,27,0,4.12,US,1730751021
372,spring creek,40.7266,-115.5859,6.56,54,31,0.89,US,1730751035
373,greymouth,-42.4667,171.2,10.09,97,100,2.39,NZ,1730751036
374,nosy varika,-20.5833,48.5333,23.85,88,91,2.97,MG,1730751037
375,san pedro pochutla,15.7333,-96.4667,31.84,70,71,4.18,MX,1730751038
376,fuzesgyarmat,47.1,21.2167,6.1,69,73,2.93,HU,1730751039
377,mersa matruh,31.3525,27.2453,20.05,70,11,2.73,EG,1730751040
378,tambacounda,13.7539,-13.7586,31.18,30,0,1.3,SN,1730751041
379,george,-33.963,22.4617,11.93,75,86,4.85,ZA,1730751042
380,businga,3.3333,20.8833,20.86,99,71,0.76,CD,1730751044
381,faya-largeau,17.9257,19.1043,23.5,22,0,8.06,TD,1730751045
382,fort mcmurray,56.7268,-111.381,3.3,64,24,1.28,CA,1730750847
383,garden city,42.3256,-83.331,22.14,67,100,6.17,US,1730751047
384,santa paula,34.3542,-119.0593,26.62,22,0,5.14,US,1730751048
385,youhao,47.8667,128.8333,-4.13,58,100,0.39,CN,1730751049
386,castellar del valles,41.6167,2.0833,18.66,85,100,2.06,ES,1730751050
387,auki,-8.7676,160.7034,25.71,88,100,1.65,SB,1730751051
388,avanigadda,16.0215,80.9181,25.53,86,4,0.65,IN,1730751053
389,qianjiang,30.4151,112.8859,15.87,35,72,3.76,CN,1730751054
390,gokak,16.1667,74.8333,24.87,60,100,2.09,IN,1730751057
391,mwinilunga,-11.7358,24.4293,17.0,95,100,2.46,ZM,1730751058
392,acapulco de juarez,16.8634,-99.8901,28.9,84,75,2.57,MX,1730751059
393,el bauga,18.262,33.9081,24.27,21,5,6.18,SD,1730751060
394,asha,54.9973,57.2722,-2.8,87,100,1.26,RU,1730751062
395,lishu,43.3047,124.3278,-0.26,62,3,4.88,CN,1730751063
396,springbok,-29.6643,17.8865,7.27,55,0,7.63,ZA,1730751064
397,saint-pierre,-21.3393,55.4781,22.82,78,0,1.54,RE,1730751065
398,chistopol',55.3631,50.6424,-2.79,89,100,2.35,RU,1730751066
399,verkhnyaya sinyachikha,57.976,61.6673,-1.64,70,100,5.46,RU,1730751067
400,chilca,-12.5211,-76.7372,18.91,85,97,3.27,PE,1730751068
401,rio san juan,19.6439,-70.0763,28.08,78,100,4.77,DO,1730751069
402,montpon-menesterol,45.0,0.1667,14.83,94,97,2.76,FR,1730751071
403,mitsamiouli,-11.3847,43.2844,26.35,79,0,3.09,KM,1730751072
404,cartagena,10.3997,-75.5144,27.63,78,80,9.09,CO,1730751073
405,celestun,20.8667,-90.4,30.94,59,4,3.83,MX,1730751074
406,kyrenia,35.3417,33.3167,14.75,60,0,1.87,CY,1730751075
407,sake,-1.5736,29.045,17.2,91,98,0.6,CD,1730751076
408,gaiman,-43.2897,-65.4929,23.11,13,92,16.86,AR,1730751077
409,mascotte,28.5783,-81.8867,29.32,72,88,5.94,US,1730751078
410,haiku-pauwela,20.9219,-156.3051,26.2,84,40,11.83,US,1730751081
411,roma,43.2128,-75.4557,12.05,49,100,5.05,US,1730750958
412,monmouth,40.3001,-74.1663,15.61,69,100,4.63,US,1730751083
413,dolores,-36.3132,-57.6792,21.04,68,82,3.91,AR,1730751084
414,nabire,-3.3667,135.4833,23.77,96,100,2.3,ID,1730751085
415,baruun-urt,46.6806,113.2792,-9.04,77,5,2.2,MN,1730751086
416,margarita belen,-27.2616,-58.9722,35.01,48,32,2.61,AR,1730751087
417,tanout,14.9709,8.8879,25.32,13,0,5.71,NE,1730751089
418,queenstown,-31.8976,26.8753,6.03,85,100,4.23,ZA,1730751090
419,taman',45.2117,36.7161,8.26,58,58,12.88,RU,1730751091
420,bodaybo,57.8506,114.1933,-19.35,99,72,0.92,RU,1730751092
421,tralee,52.2704,-9.7026,10.22,92,99,2.87,IE,1730751093
422,megion,61.0296,76.1136,-2.99,86,100,8.88,RU,1730751094
423,brownsfield,30.5466,-91.1207,31.05,56,40,5.14,US,1730751095
424,rach gia,10.0167,105.0833,25.36,89,100,4.17,VN,1730751096
425,kill devil hills,36.0307,-75.676,20.55,79,75,5.66,US,1730751097
426,arevalo,41.0626,-4.7204,13.33,75,99,5.61,ES,1730751099
427,kitakyushu,33.8333,130.8333,16.92,88,75,1.03,JP,1730751100
428,port augusta,-32.5,137.7667,18.31,42,64,2.59,AU,1730751101
429,pacific grove,36.6177,-121.9166,22.99,69,0,3.09,US,1730751066
430,calbuco,-41.768,-73.1273,11.76,83,97,9.0,CL,1730751103
431,val-d'or,48.1002,-77.7828,2.05,93,100,7.2,CA,1730751104
432,raton,36.9034,-104.4391,2.34,65,100,9.77,US,1730751105
433,wuwei,37.9281,102.6414,4.41,45,0,0.88,CN,1730751106
434,broome,42.2506,-75.833,13.27,48,0,5.14,US,1730750937
435,balabac,7.9868,117.0645,26.5,82,78,1.82,PH,1730751109
436,midvagur,62.0511,-7.1939,10.46,100,100,6.17,FO,1730751110
437,nombre de dios,23.85,-104.2333,26.06,18,0,8.27,MX,1730751111
438,ta`u,-14.2336,-169.5144,27.55,82,100,4.76,AS,1730751112
439,benguela,-12.5763,13.4055,25.91,76,97,1.72,AO,1730751113
440,moorhead,46.8739,-96.7676,6.01,87,100,7.72,US,1730751114
441,kenora,49.8167,-94.4337,5.99,93,100,4.02,CA,1730751115
442,hastings,50.8552,0.5729,10.44,53,100,4.11,GB,1730751117
443,island harbour,50.724,-1.2758,11.69,68,57,0.89,GB,1730751118
444,manadhoo,5.7667,73.3833,27.45,76,100,3.56,MV,1730751119
445,kamina,-8.7386,24.9906,17.98,98,100,1.0,CD,1730751120
446,srivardhan,18.0333,73.0167,25.77,71,15,2.49,IN,1730751121
447,caleta de carquin,-11.0925,-77.6267,20.35,79,55,5.14,PE,1730751122
448,shirvan,39.9509,48.8994,7.97,87,0,3.27,AZ,1730751123
449,matoury,4.8483,-52.3317,30.98,58,0,5.14,GF,1730751124
450,holualoa,19.6228,-155.9522,27.15,73,0,4.12,US,1730751125
451,winters,38.5249,-121.9708,23.84,24,0,3.09,US,1730751127
452,aliwal north,-30.6937,26.7114,10.29,74,100,8.53,ZA,1730751128
453,alpine,32.835,-116.7664,22.73,24,0,1.79,US,1730751049
454,dhar,22.6,75.3,21.82,39,0,1.68,IN,1730751131
455,coronel dorrego,-38.7187,-61.2873,22.85,12,0,8.43,AR,1730751132
456,naracoorte,-36.9579,140.7383,6.78,88,0,1.81,AU,1730751133
457,ar rutbah,33.0381,40.2848,17.04,62,0,2.3,IQ,1730751135
458,cradock,-32.1642,25.6192,6.34,89,100,5.4,ZA,1730751136
459,castillos,-34.1667,-53.8333,23.46,82,98,2.59,UY,1730751137
460,luganville,-15.5333,167.1667,24.76,75,100,3.61,VU,1730751138
461,tolanaro,-25.0319,46.9987,24.04,88,40,8.23,MG,1730751139
462,kalevala,65.2,31.1667,-2.38,81,21,3.97,RU,1730751140
463,valderice,38.0401,12.6151,16.26,81,2,1.92,IT,1730751141
464,teguise,29.0605,-13.564,19.12,73,0,3.6,ES,1730751142
465,capri,40.5507,14.2426,19.22,69,0,2.28,IT,1730751144
466,itupiranga,-5.1347,-49.3267,30.24,58,96,0.35,BR,1730751145
467,kuragino,53.8975,92.6725,-3.33,91,96,1.86,RU,1730751146
468,nadi,-17.8,177.4167,27.0,61,40,3.6,FJ,1730751148
469,noumea,-22.2763,166.4572,25.0,99,2,5.09,NC,1730751149
470,altai,46.3722,96.2583,-3.35,62,53,1.49,MN,1730751150
471,selfoss,63.9331,-20.9971,8.36,89,100,3.18,IS,1730751152
472,yorosso,12.3536,-4.7761,25.94,24,10,2.85,ML,1730751153
473,alice springs,-23.7,133.8833,22.75,56,8,3.09,AU,1730751154
474,mejit,10.2753,170.8646,27.38,77,100,3.16,MH,1730751155
475,bocanda,7.0626,-4.4995,24.89,82,11,1.28,CI,1730751156
476,coari,-4.085,-63.1414,33.08,42,99,1.81,BR,1730751157
477,klyuchi,52.2667,79.1667,2.71,67,100,5.08,RU,1730751158
478,enewetak,11.3474,162.3373,28.19,76,100,4.82,MH,1730751159
479,port saint john's,-31.6229,29.5448,15.17,91,100,7.44,ZA,1730751161
480,saldanha,-33.0117,17.9442,13.79,61,0,11.48,ZA,1730751162
481,astravyets,54.6138,25.9554,-0.39,81,31,3.08,BY,1730751163
482,nagasaki,32.7447,129.8736,16.58,72,100,2.14,JP,1730751164
483,svencioneliai,55.1667,26.0,-0.12,85,31,2.25,LT,1730751165
484,malpe,13.35,74.7167,25.51,85,95,1.59,IN,1730751166
485,tuzha,57.6062,47.936,-8.55,96,99,1.24,RU,1730751167
486,gambiran satu,-8.3939,114.1464,22.29,99,44,1.73,ID,1730751168
487,linhai,28.85,121.1167,15.5,92,75,1.61,CN,1730751170
488,kristiansund,63.1115,7.732,11.18,87,75,4.63,NO,1730751171
489,singaparna,-7.3515,108.111,22.3,95,100,0.89,ID,1730751172
490,bull savanna,17.8868,-77.5902,26.11,81,94,6.16,JM,1730751173
491,ak-suu,42.4995,78.527,8.31,36,100,2.09,KG,1730751174
492,guerrero negro,27.9769,-114.0611,22.99,34,0,7.98,MX,1730751175
493,as sulayyil,20.4607,45.5779,24.37,27,0,3.35,SA,1730751176
494,alvaraes,-3.2208,-64.8042,30.93,33,100,1.82,BR,1730751177
495,glace bay,46.1969,-59.957,5.5,64,75,6.17,CA,1730751179
496,el calafate,-50.3408,-72.2768,9.96,44,8,6.69,AR,1730751180
497,samsula-spruce creek,29.0493,-81.0619,26.19,82,75,9.77,US,1730751181
498,katsuura,35.1333,140.3,21.02,72,49,5.25,JP,1730751182
499,ed damer,17.5928,33.9592,25.86,19,5,7.56,SD,1730751183
500,barroquinha,-3.0189,-41.1361,28.32,63,89,6.26,BR,1730751184
501,ugoofaaru,5.6667,73.0,27.44,75,98,3.87,MV,1730751185
502,yung shue wan,22.2333,114.1167,25.38,80,89,7.64,HK,1730751186
503,jipijapa,-1.3333,-80.5833,26.43,54,98,3.6,EC,1730751187
504,poronaysk,49.2167,143.1167,-2.51,71,98,3.51,RU,1730751189
505,lucerne valley,34.4439,-116.9678,16.85,22,0,2.36,US,1730751190
506,jiagedaqi,50.4167,124.1167,-11.32,96,32,1.7,CN,1730751191
507,kawasaki,35.5206,139.7172,17.05,79,0,3.09,JP,1730751192
508,healesville,-37.65,145.5167,8.58,87,4,0.85,AU,1730751193
509,chibougamau,49.9168,-74.3659,-0.21,100,100,5.66,CA,1730751194
510,minzhu,43.7286,127.3447,-0.95,72,4,2.35,CN,1730751195
511,sarupathar,26.1984,93.8094,19.39,92,0,0.74,IN,1730751196
512,san patricio,28.017,-97.5169,31.97,63,99,11.08,US,1730751198
513,yakeshi,49.2833,120.7333,-8.84,72,2,1.63,CN,1730751199
514,estevan,49.1334,-102.9842,6.23,52,0,5.66,CA,1730751200
515,pangoa,-12.1167,-73.0,30.76,50,75,2.18,PE,1730751201
516,kargasok,59.0556,80.8572,-2.64,76,8,6.37,RU,1730751202
517,maintirano,-18.0667,44.0167,26.74,78,87,2.37,MG,1730751203
518,pirallahi,40.4723,50.333,11.08,76,36,12.46,AZ,1730751204
519,daxi,24.8837,121.2904,23.22,88,91,3.52,TW,1730751205
520,shingu,33.7333,135.9833,16.77,82,95,2.27,JP,1730751207
521,mount isa,-20.7333,139.5,20.87,64,11,0.51,AU,1730751208
522,dembi dolo,8.5333,34.8,14.19,91,75,1.89,ET,1730751209
523,hailar,49.2,119.7,-7.56,62,60,2.65,CN,1730751210
524,uruacu,-14.5247,-49.1408,29.09,63,100,2.11,BR,1730751211
525,dakhla,23.6848,-15.958,19.9,86,100,5.48,EH,1730751212
526,sretensk,52.2453,117.7093,-14.26,98,55,0.28,RU,1730751213
527,sault ste. marie,46.5168,-84.3333,12.16,100,100,3.09,CA,1730751215
528,wurtulla,-26.7568,153.1256,22.25,90,100,0.45,AU,1730751216
529,sitka,57.0531,-135.33,5.94,81,75,7.2,US,1730751217
530,calama,-22.4667,-68.9333,24.27,9,0,10.8,CL,1730751218
531,kupino,54.3663,77.2981,-1.12,70,1,6.25,RU,1730751219
532,fisterra,42.9049,-9.2629,17.22,81,100,5.99,ES,1730751220
533,santa terezinha,-29.9002,-50.0904,22.07,89,93,10.95,BR,1730751221
534,ponta delgada,37.7333,-25.6667,21.4,88,20,4.63,PT,1730751222
535,usogorsk,63.4106,48.6872,-3.7,90,98,2.95,RU,1730751224
536,az zawr,29.4425,48.2747,24.45,70,8,1.73,KW,1730751225
537,gulf shores,30.246,-87.7008,26.86,71,13,4.92,US,1730750949
538,naivasha,-0.7167,36.4359,15.03,83,98,1.5,KE,1730751227
539,geraldton,-28.7667,114.6,19.23,52,100,5.14,AU,1730751148
540,kourou,5.1552,-52.6478,28.63,65,87,4.0,GF,1730751229
541,jiaozuo,35.2397,113.2331,8.06,31,1,0.23,CN,1730751230
542,cavalaire-sur-mer,43.174,6.5272,12.4,85,0,1.51,FR,1730751231
543,kerikeri,-35.2268,173.9474,15.51,80,0,1.08,NZ,1730751000
544,zacharo,37.4833,21.65,17.27,70,0,1.94,GR,1730751234
545,nogliki,51.8333,143.1667,-4.42,77,100,2.58,RU,1730751235
546,santiago de cao,-7.9589,-79.2392,19.07,82,75,4.63,PE,1730751236
547,ust'-ilimsk,58.0006,102.6619,-0.95,84,100,1.79,RU,1730751237
548,ciudad lazaro cardenas,17.9583,-102.2,29.66,65,6,3.57,MX,1730751238
549,coronel suarez,-37.4547,-61.9334,21.64,25,0,5.92,AR,1730751239
550,sinop,41.7711,34.8709,4.32,82,44,2.2,TR,1730751240
551,muriti,-1.9833,32.9167,24.06,67,97,3.67,TZ,1730751241
552,turpan,42.9333,89.1667,11.31,39,59,1.21,CN,1730751243
553,hadibu,12.65,54.0333,26.18,80,17,3.11,YE,1730751244
554,kalmunai,7.4167,81.8167,25.49,82,100,0.83,LK,1730751245
555,dadeldhura,29.2984,80.5806,14.62,88,44,1.56,NP,1730751247
556,sao felix do xingu,-6.6447,-51.995,25.83,90,100,0.52,BR,1730751248
557,bamusso,4.4591,8.9027,25.65,87,55,1.68,CM,1730751249
558,bush,29.1482,31.1273,21.39,57,90,7.53,EG,1730751250
559,conception bay south,47.4999,-52.9981,1.97,68,100,6.87,CA,1730751252
560,tejen,37.3834,60.5054,17.55,49,100,2.77,TM,1730751253
561,loudeac,48.1783,-2.7543,11.17,85,100,2.32,FR,1730751254
562,gunjur,13.2019,-16.7339,27.04,78,0,2.06,GM,1730751255
563,astrakhan,46.3497,48.0408,7.93,66,0,6.0,RU,1730751256
564,miyata,33.7167,130.6667,15.79,85,95,0.62,JP,1730751257
565,puerto deseado,-47.7503,-65.8938,14.84,35,91,11.24,AR,1730751258
566,grand-bassam,5.2118,-3.7388,25.98,85,90,2.93,CI,1730751259
567,la tuque,47.4334,-72.7824,2.14,75,100,2.06,CA,1730751261
568,karungdong,5.8844,121.263,26.53,84,76,1.67,PH,1730751262
569,melsungen,51.1333,9.55,5.68,100,100,0.51,DE,1730751263
570,tazacorte,28.629,-17.9293,21.54,95,40,1.79,ES,1730751264
571,paranhos,-23.8928,-55.4311,28.63,63,10,2.08,BR,1730751265
